0,-20428,-4726,-2426,-77,631,-2,446,91744
1,-20374,-4726,-2458,-77,4791,264,-453,91744
2,-21389,-4726,-6611,-95,-3337,-256,-9,91744
3,-21787,-4726,-5534,-95,4263,-260,-35,91744
4,-21386,-4742,-7605,-99,4263,0,-30,91534
5,-20368,-4742,2189,-89,4263,-4,43,93476
6,-20879,-4742,-2806,-41,4263,-2,56,93476
7,-20750,-4742,-2806,-97,4263,-2,-18,93476
8,-21422,-4466,2164,-87,8380,-8,-3,99204
9,-20370,-4466,2164,-77,8380,-8,59,99204
10,-21444,-4466,2164,-1123,253,-8,-16,99204
11,-20488,-4466,-3027,-93,8483,-8,-16,97632
12,-20886,-4466,-2426,-73,14063,-4,41,97632
13,-20366,-6522,-6459,-87,8895,-4,-2,99740
14,-21386,-4726,-7539,-39,8895,-16,-40,90571
15,-20810,-4598,2181,-73,16574,0,442,95548
16,-20760,-4598,2181,-87,16574,0,-66,99228
17,-21473,-9422,2181,-1118,16574,-262,-10,84300
18,-21457,-9422,-6970,-39,8444,0,34,83300
19,-21258,-9422,-2423,-101,16127,-2,-8,90396
20,-20370,-4454,5646,-79,17055,-12,414,97940
21,-21386,-4454,-2803,-95,17055,-8,-3,97659
22,-20818,-4454,-2419,-95,16603,-8,60,85396
23,-21482,-4454,-6043,-95,16603,-12,-2,82946
24,-20747,-4454,-6043,-39,15494,0,-26,91293
25,-21401,-4454,-6043,-99,15494,-2,-2,93570
26,-20362,4386,-3331,-73,7871,-8,37,97683
27,-20395,4386,-2931,-71,14630,0,50,97683
28,-20746,4386,2189,-71,7975,-4,34,99740
29,-20366,4386,2189,-71,7975,0,-4,99740
30,-21862,4386,2189,-71,7975,-260,-537,99740
31,-20368,4218,-3387,-95,3774,0,-2,97686
32,-20362,4218,-2419,-75,13534,-8,62,85403
33,-21842,4218,-6575,-89,13534,-4,-2,83262
34,-21330,4218,-2828,-73,15499,258,-2,91532
35,-21387,-4294,2189,-51,16024,260,59,99468
36,-20434,-4232,-2426,-87,7343,0,58,96154
37,-21402,-8332,-7091,-105,-3001,-266,-20,85327
38,-21891,-14750,-6586,-91,3327,-6,-30,83326
39,-21418,-4978,-7539,-103,-891,-4,-38,90276
40,-21846,-4978,-6523,-87,-321,-16,-2,99726
41,-20912,-4978,-2915,-97,4751,-2,38,99511
42,-20459,-4978,-2931,-71,17055,-16,46,99511
43,-20814,-4426,-6481,-93,16063,-14,-32,98636
44,-20362,4098,-3057,-87,7358,-2,43,99702
45,-21461,-4820,-3057,-87,7358,-2,43,85382
46,-21468,-4820,-3057,-87,7358,-2,43,78718
47,-21386,-4820,-2483,-85,13499,-6,-3,87452
48,-21419,-4198,-6523,-87,13499,0,-2,83235
49,-21386,-4198,-6523,-87,15550,0,-2,83235
50,-21842,-12462,-6523,-87,-400,0,-36,83235
51,-21842,-12462,-6523,-87,3267,-260,-34,83235
52,-20370,-12462,-6523,-71,3267,-14,-2,83235
53,-21482,-12462,-6523,-87,3832,-14,-27,83235
54,-21845,-12462,-6523,-97,3832,-14,-26,83235
55,-21410,-12462,-2419,-77,3832,0,-32,83235
56,-20926,-12462,-2419,-95,7906,-2,32,83235
57,-21405,-12462,-2419,-91,7906,-8,-34,84998
58,-21410,-12504,-6455,-87,16063,0,-34,99712
59,-20362,-4214,-2903,-99,4795,-2,-10,99734
60,-21859,-4214,-7595,-91,12958,-12,-2,99734
61,-20885,-4214,-2823,-71,7863,0,-3,99734
62,-20842,-4214,-2803,-75,17063,-2,-27,99734
63,-20746,-4214,-2899,-87,15551,0,-2,99740
64,-20441,-4200,-2539,-39,4684,0,-2,98156
65,-21458,-4966,-6971,-91,-3457,-2,-34,89892
66,-20370,-4454,-2433,-71,4799,0,-9,89892
67,-21846,-5094,-7627,-87,4799,0,-26,89892
68,-21442,-12490,-6459,-103,-1465,-24,-27,89892
69,-20362,-4326,-2810,-95,4798,-2,-9,95532
70,-20746,-4326,-2996,-71,4798,-2,-3,95532
71,-21404,-4326,-6083,-87,3222,-2,-27,95532
72,-21478,-5184,-7563,-89,255,-20,-32,95532
73,-20362,-4230,-2810,-73,255,-2,-2,99740
74,-21418,-4230,-6637,-71,3255,-12,-34,98124
75,-20369,-4230,-2515,-71,3255,-2,-6,98124
76,-20812,-4230,-2458,-71,4797,-6,34,98124
77,-20379,-4230,-2458,-71,4797,-4,34,98124
78,-21399,-4230,-2458,-71,4797,-4,34,98124
79,-21418,-4230,-2458,-71,4797,-4,34,98124
80,-21413,-4230,-2458,-71,-1415,-8,-32,98124
81,-20877,-4230,-2803,-87,4255,-2,37,98124
82,-21866,-4198,-2803,-87,12990,-12,-3,98124
83,-21866,-4198,-2803,-87,12990,-264,-41,98124
84,-20458,-4198,-3449,-89,14014,-12,34,98124
85,-20419,-4198,-2819,-89,16703,0,46,99740
86,-20866,-4198,-6003,-99,16703,0,37,99740
87,-20374,-4198,-2531,-71,15038,-12,-9,99740
88,-20748,-4198,-2531,-71,15038,-12,-9,99740
89,-21430,-4198,-2531,-1119,15038,-12,-9,99740
90,-20483,-4198,-2516,-41,16518,-6,-2,99740
91,-21442,-4198,-6964,-87,16518,-12,-20,99740
92,-20882,-4198,-2829,-77,14537,-2,-7,99740
93,-21458,-12366,-6585,-87,14006,-250,-27,99740
94,-21416,-12366,-7507,-89,14006,-6,-14,99740
95,-20763,-12366,-2931,-39,12927,0,-3,99740
96,-21421,-14902,-6453,-83,12927,-16,-36,99740
97,-20370,-4294,-2420,-77,12927,0,31,99740
98,-21478,-12344,-6459,-99,12927,-8,-35,99740
99,-20362,-4598,-2934,-75,16191,0,37,99740
100,-20400,-4598,-2425,-73,12893,-6,-5,99740
101,-21386,-4598,-6003,-87,17084,0,-2,99740
102,-20378,-4598,-2475,-39,13023,-10,58,99740
103,-21386,-12174,-6591,-39,13495,-12,-9,98762
104,-21386,-4660,-2422,-75,17063,-6,-6,99228
105,-20458,-4660,-2944,-71,15576,-4,58,99228
106,-20438,-4660,1741,-39,16607,0,-2,99228
107,-20397,-4660,-2467,-95,16675,0,38,99228
108,-20362,4248,-2419,-87,13503,0,37,99221
109,-20362,4248,-2455,-77,16561,0,-4,99221
110,-20814,4248,-2455,-77,12991,0,-2,99221
111,-21392,4248,-2455,-77,12991,-8,-34,99221
112,-20362,4248,-3447,-87,12991,0,-2,99221
113,-21476,-11962,-3447,-89,12991,260,-2,99221
114,-21399,-13042,-3447,-89,12991,-261,-2,99221
115,-21861,-4746,-7534,-89,12991,-8,-49,99221
116,-20377,-4746,-2420,-77,17071,-8,-2,99221
117,-21264,-4746,-2420,-77,12606,0,-2,99221
118,-21466,-4746,-2420,-77,12606,0,-37,93092
119,-20369,-4342,-3044,-39,12606,0,-6,93092
120,-21402,-4342,-2955,-71,12606,-18,-30,93092
121,-20458,-4202,2141,-87,14015,0,38,93092
122,-21410,-4342,-3443,-89,9911,0,-4,93092
123,-21419,-12134,-6522,-87,9911,262,-34,91611
124,-20363,-4714,-6522,-41,9911,-2,-2,91611
125,-21410,-9038,-6522,-1111,9911,-260,-41,91611
126,-20428,-4230,-2428,-87,9911,-8,32,91611
127,-20761,-4230,-2421,-87,703,0,31,91611
128,-19322,4202,-2419,-51,317,0,32,98716
129,-20362,4202,-2934,-71,317,-2,-2,98716
130,-20422,4202,-2934,-71,317,-8,-4,98716
131,-21467,4202,-2934,-71,317,-8,-543,98716
132,-21411,4202,-2934,-91,317,-8,-26,98716
133,-20368,4202,-2807,-69,-353,-6,38,97692
134,-20390,4202,-2803,-71,-353,0,46,97692
135,-20418,4202,-2426,-73,-353,-14,46,97692
136,-20362,4202,1734,-87,-353,-4,-6,97692
137,-20365,12090,-2427,-75,-9025,264,-3,97692
138,-20365,4490,-2820,-77,-321,-4,-6,97435
139,-20818,-4966,-2867,-71,-321,-12,-9,97435
140,-21456,-4758,-6541,-83,-321,0,-40,97435
141,-19323,-4198,-6541,-83,-321,0,-2,97435
142,-21424,-4598,-6541,-83,-9124,260,-26,97435
143,-18833,-4598,-2419,-87,-881,-8,-18,97435
144,-20474,-4598,-2931,-87,-881,-14,44,97435
145,-21386,-4726,-3892,-99,-881,0,-2,97435
146,-18834,-6366,-2867,-89,-881,0,38,97435
147,-21450,-4502,-7539,-87,-7499,0,-6,97435
148,-18826,-4502,-7539,-87,-7499,-8,-6,97435
149,-21402,-13386,-7539,-87,-7499,-8,-6,97435
150,-21330,-9078,-7539,-87,-11625,-8,-42,97435
151,-18922,-4204,-2831,-75,319,-6,55,97435
152,-20365,-4204,-2831,-53,319,-12,-2,99212
153,-20924,-11970,-2831,-91,319,-270,-536,99212
154,-18829,-4724,-2426,-91,319,0,58,99212
155,-20898,-4210,-6963,-91,319,-12,-30,99212
156,-18874,-4488,2188,-71,319,-6,-2,99212
157,-20362,-4488,2188,-71,319,-4,38,99212
158,-21363,-11942,2188,-71,319,-258,-542,99212
159,-18838,-4820,-6970,-93,319,-8,-3,99212
160,-18835,-4820,-3043,-73,319,-2,46,99212
161,-18702,-4454,2189,-89,17087,-4,-2,99212
162,-18901,-4294,2189,-71,17087,-4,-2,99212
163,-20466,-4294,2189,-75,17087,-4,-560,93965
164,-18864,-4294,-2423,-75,17081,258,-560,98204
165,-18701,-4294,-2423,-75,17081,-5008,-560,99692
166,-18762,-4298,-6517,-87,17081,-12,-18,99692
167,-18346,-4298,-2867,-39,17079,-2,-5,99692
168,-18346,4986,1805,-71,16566,-6,-9,97688
169,-18328,4986,1805,-71,16566,-6,-2,97688
170,-20471,4986,1805,-71,16566,-6,-36,97688
171,-18317,4986,-2873,-75,16566,0,-2,87452
172,-18316,4986,-3427,-73,17087,-2,38,84379
173,-20386,4986,-6011,-41,1713,-2,-26,84379
174,-18386,4986,-7539,-79,1713,0,-32,84379
175,-18320,4898,-2867,-87,14015,0,32,97688
176,-18762,-4270,-2820,-99,17072,-8,55,97688
177,-18338,-4714,-2820,-71,12483,258,-11,97688
178,-20377,-4714,-2820,-1123,12483,-268,-28,97688
179,-18794,-4714,-2515,-39,17087,0,-2,97688
180,-18330,-4714,-2805,-51,15677,-8,-2,97688
181,-18314,-4714,-2818,-39,15677,0,34,97688
182,-18378,-4774,-7035,-87,15677,-12,-2,97688
183,-18345,-4502,-2419,-87,13967,-4,-3,97688
184,-18379,-5226,-2419,-87,13967,270,46,97688
185,-20415,-10834,-2419,-87,13967,-4,-27,97688
186,-18315,-10834,-2879,-71,7415,-4,32,87373
187,-18832,-10834,-2945,-41,16627,-2,-9,86492
188,-18321,-10834,2125,-87,8862,-2,46,86492
189,-18842,-10834,-2423,-73,8862,-6,61,86492
190,-18320,-10834,-2434,-51,16063,258,-10,99536
191,-18326,-4294,-6607,-83,7903,260,-13,97450
192,-18314,-4294,-7093,-89,16454,-2,-2,97450
193,-18314,-4294,2253,-39,13095,0,-2,97450
194,-18318,-4294,-2433,-39,13095,-6,-5,97450
195,-18344,-4294,-2419,-89,17087,0,46,97450
196,-18417,-4198,-2475,-71,16527,0,59,99712
197,-18314,-4198,-3386,-71,16527,0,-3,99712
198,-19893,-4198,-6114,-71,4727,0,-26,99712
199,-18762,-4198,-2807,-87,2751,0,37,99712
200,-15804,-4198,-2803,-51,17086,0,-2,99712
201,-18316,-4198,-2546,-95,16191,264,-2,99732
202,-16140,-4198,-3343,-71,16563,0,-2,97692
203,-15754,-4354,2185,-77,8895,0,-2,97692
204,-15802,-4354,-2485,-39,2744,0,-3,97692
205,-19814,-10418,-6980,-87,15615,0,-26,97692
206,-15816,-4230,-2421,-89,14975,-8,-11,99739
207,-15627,-4230,-2467,-71,15039,-8,-5,99739
208,-15308,-4230,2180,-87,8895,-4,-2,99739
209,-15760,-4230,-4499,-87,8895,-10,62,99739
210,-15242,-4230,-2879,-75,16031,0,-2,99739
211,-19340,-4230,-6515,-85,16031,0,-35,97494
212,-15250,-4438,-6527,-41,17022,0,-2,97922
213,-14316,-4206,2171,-87,7487,-4,38,97922
214,-15243,-4206,-2809,-71,17071,0,-2,97922
215,-14222,-4206,-2419,-71,17075,-4,-2,97922
216,-14602,-4202,-2879,-89,8359,0,-4,95771
217,-14320,-4202,-2435,-73,17079,0,-10,95771
218,-14218,-4202,-2468,-75,16567,260,-2,95771
219,-14250,-4808,-2434,-39,8868,0,-26,98972
220,-14282,-4808,-2479,-75,13503,-6,61,98972
221,-14606,-4808,2180,-71,8487,0,-2,98972
222,-14246,11098,-2807,-101,8487,260,58,98972
223,-14331,7118,-2906,-73,16583,-2,-2,98972
224,-19346,7118,-6541,-87,16583,0,-3,97434
225,-14703,7118,-2420,-53,14047,0,-7,98090
226,-14278,-5800,2189,-73,8499,-6,46,98090
227,-18323,-5222,-3443,-73,1208,-4,-2,98090
228,-18323,-5222,-3443,-41,-2930,-4,31,98090
229,-16273,-5222,-3443,2121,-8616,-4,-554,98090
230,-6426,-5222,4876,2121,-8616,286,-2,98090
231,-14610,-5222,5773,2121,-10631,-4,-20,98090
232,-6027,-5222,5757,-235,159,258,-3,98090
233,-6474,-5222,5389,-235,-7501,0,32,98090
234,-14297,-5830,-1907,-235,-8973,-12,-30,98090
235,-6054,-5830,5261,-235,-7493,272,-3,98090
236,-14243,-5830,-2513,-235,-10585,-18,-2,98090
237,-6411,-5830,5322,-103,-257,0,31,98090
238,-6545,-5830,5319,-1549,-7509,-6,61,98090
239,-14339,-5450,-2003,7097,-9025,-12,-3,98090
240,-6090,-5450,5261,7097,-7937,270,34,98090
241,-6090,-6292,-2461,7097,-11041,-18,-35,98090
242,-6416,5994,-2411,-167,-305,-4,37,98090
243,-6030,12122,5685,-41,-7585,0,37,98090
244,-6030,11150,-1919,6167,-863,-6,46,98090
245,-6029,12156,4809,-3639,703,-2,60,98090
246,-14227,12186,5773,969,-2951,-12,-2,98090
247,-6042,6042,5769,-173,672,-8,45,98090
248,-14218,12074,5707,-173,-7873,-2,46,98090
249,-6054,11130,-1913,-173,-1289,0,-2,98090
250,-6506,11962,5245,-3161,223,0,-2,98090
251,-16357,11962,-2867,885,223,-2,-2,98090
252,-6426,11962,5755,-179,187,0,39,98090
253,-6062,11962,5248,-1119,-8037,-2,32,98090
254,-15811,11962,-2428,1989,-7517,-6,-26,98090
255,-8061,12122,5185,1989,318,-6,-2,98090
256,-15754,12122,-2427,1989,318,-12,-30,98090
257,-7562,12122,5270,-441,171,-2,42,98090
258,-6034,11682,5773,-231,-7489,0,-2,98090
259,-7662,11682,-1914,4045,703,258,44,98090
260,-6051,11682,-1914,-2573,303,-6,38,98090
261,-15868,11682,-1914,431,303,260,-26,98090
262,-8066,5914,5292,-63,190,-6,-4,98090
263,-6026,5914,5772,-63,-7493,0,31,98090
264,-15850,5914,-2427,-63,-7945,-4,-4,98090
265,-6064,5914,5261,-63,315,0,-4,98090
266,-15818,5914,5741,-63,-7553,0,-3,98090
267,-7634,5912,5741,-63,-7553,272,37,98090
268,-15803,5912,-3455,-63,-7553,-8,-28,98090
269,-7437,5912,-2403,3957,255,0,37,98090
270,-7562,5912,5258,3957,303,-2,-9,98090
271,-15747,5912,5759,3957,-7554,0,-6,98090
272,-7507,5912,5660,-39,-257,284,34,98090
273,-15856,-5734,-3475,-39,-11691,-4,-32,98090
274,-15274,-5734,-2431,-39,-7490,260,-29,98090
275,-7610,-5734,5247,-3117,155,270,-3,98090
276,-7164,-5734,5324,857,-7489,-6,43,98090
277,-7507,-5734,5738,-435,161,-4,62,98090
278,-7050,-5734,5292,-435,-7489,-12,-2,98090
279,-6032,-5734,5773,-435,223,0,37,98090
280,-7530,-5734,5261,-2093,691,0,47,98090
281,-6034,-5734,5229,213,-7489,264,59,98090
282,-6030,-5734,5772,-43,319,-2,46,98090
283,-7054,-5734,5772,-43,-7559,0,43,98090
284,-15368,-4482,-2487,-43,-7497,-2,-26,98090
285,-15266,-4492,-2955,-43,-7559,-4,-26,98090
286,-6146,-4200,5323,-43,-11521,0,-2,98090
287,-6125,6042,5755,-501,-11521,-6,38,98090
288,-6082,6042,5755,-501,-11521,0,38,-35208
289,-15741,6042,5755,-501,-11521,-261,38,-35208
290,-14331,6042,5246,-231,-10655,0,38,-35303
291,-6410,6042,-1786,4057,-353,-2,38,-29405
292,-15317,-4264,-3379,-2311,-7993,-16,-8,-31854
293,-15242,-6352,-3476,421,-11592,260,-27,-32246
294,-15284,-6352,-2483,-87,-9001,0,-6,-24956
295,-6922,-6352,5321,-87,-7514,-6,46,-31348
296,-6093,-6352,5321,-87,289,-14,-4,-31348
297,-15299,-4282,5321,-87,-10019,264,-34,-31348
298,-15286,-4282,-2969,-87,-11522,-14,-30,-31347
299,-6059,-4282,5738,-47,-11522,-2,32,-27251
300,-15243,-5254,-2868,-2227,-11592,-4,-2,-32934
301,-6040,-5254,-2868,-2227,-11592,-8,-2,-32934
302,-15257,-5254,-2868,-2227,-11592,-265,-2,-32934
303,-15338,-5254,-2868,361,-11609,0,-2,-37482
304,-15331,-5254,-2868,-321,-8571,-258,-34,-29546
305,-15275,-4456,4685,-555,-7537,-258,-2,-37491
306,-15178,-4456,-2388,1545,-9474,-258,-26,-33830
307,-7054,-4456,-2388,-3145,-9474,-258,35,-34931
308,-15194,-6076,-2388,269,-9474,-258,-31,-39074
309,-6555,-6076,5758,-71,-9474,0,-2,-31851
310,-15309,-4646,-3474,-71,-10561,-12,-2,-31467
311,-6552,12148,5325,-71,-433,0,46,-34556
312,-6027,11800,5196,-71,-769,0,61,-31428
313,-15242,11800,-2447,-71,-769,-2,38,-31333
314,-6986,6012,-2447,-231,697,-2,43,-31333
315,-15306,-4662,-2447,-3515,-10578,-2,-35,-31333
316,-14856,-4228,5740,-3515,-9025,0,32,-31348
317,-6042,-4228,5740,-3515,-9025,-2,45,-31332
318,-14738,-5796,5740,-3515,-10637,-4,-2,-31458
319,-15178,-4682,5257,-551,-9145,0,-3,-31573
320,-6538,-4682,5257,-551,-1443,-4,37,-31396
321,-14742,-4682,-2867,-551,-8031,-4,-4,-33834
322,-6934,-4682,5389,-551,-1744,0,-2,-31524
323,-14666,-4212,-1963,-551,-8521,270,-3,-31850
324,-14730,-4422,-2891,-551,-8967,-8,-34,-31360
325,-6570,-4422,5675,-551,-1347,0,-3,-31348
326,-14790,-10484,-1943,967,-7938,260,-6,-31332
327,-14738,-5234,-1943,-4025,-2756,260,61,-32392
328,-14730,-5234,-1943,4529,-2756,260,61,-32392
329,-15149,-5234,-1943,-6193,-2756,-269,61,-32392
330,-6573,10260,5716,-6193,-1377,0,38,-31722
331,-6571,6042,-1921,-6193,-7938,-12,-2,-31588
332,-6922,11134,5743,-39,-9921,-8,-2,-32471
333,-14691,12138,5743,-39,-8609,0,-26,-31588
334,-15190,12138,5743,-39,-9097,-12,-30,-32868
335,-6547,12138,5323,-39,-2384,0,46,-31333
336,-6530,12138,-2307,985,638,0,-6,-33380
337,-6616,11162,5652,985,-10569,0,38,-31472
338,-14218,11162,-2007,985,-8513,-22,-30,-31472
339,-14736,11162,-2923,-623,-8610,-20,-40,-31472
340,-6522,10938,5761,-623,-1855,-4,-2,-31332
341,-6538,6026,5693,-623,189,0,38,-31334
342,-14762,6026,-3564,-73,189,-4,-8,-34163
343,-6474,6026,-867,-73,185,0,40,-35620
344,-14731,-4298,5769,-73,-8522,-4,-27,-37503
345,-14226,-5350,5773,-73,-9593,0,-5,-33394
346,-6122,-5350,-2033,-73,-9593,-6,43,-31459
347,-14676,-5234,-3518,-73,-10592,-12,-2,-34428
348,-6523,-5234,-1907,-73,671,-2,32,-38548
349,-14673,-4322,-2427,-6303,-7499,0,-9,-38500
350,-6064,-4322,5706,-6303,191,0,-2,-35364
351,-14224,-11242,5706,-6303,191,0,-26,-31349
352,-14666,-4706,5706,-259,191,-4,-3,-39606
353,-6426,-4706,5773,-259,703,-12,-9,-31812
354,-14340,-4322,-2934,-259,-7041,-10,-27,-31382
355,-14218,-5338,5695,-259,-7041,-16,-2,-39538
356,-14722,-9190,5717,4025,-7041,-8,37,-37478
357,-14224,-4680,4741,-329,-321,-4,-2,-39574
358,-6029,-4680,-1926,8153,639,0,-3,-31333
359,-6150,-4680,-2540,-311,639,272,-2,-31588
360,-6026,-4680,5771,-39,641,-4,-2,-40037
361,-14692,-4680,-1491,1613,641,0,-9,-32578
362,-6026,-4680,5229,-295,-833,0,-2,-39658
363,-14226,-4680,-2006,6617,-833,-264,-34,-40514
364,-14250,-4680,-2923,-321,-833,264,-30,-40492
365,-6034,-4680,5146,985,319,0,46,-39787
366,-6034,-4680,-1908,1755,319,0,-6,-35428
367,-14218,-4602,-3570,-55,-9035,0,-13,-39575
368,-6074,-4602,5772,8153,167,0,45,-32359
369,-14251,-4602,-2437,-39,167,0,46,-31910
370,-6486,-4602,5766,-39,189,0,41,-41321
371,-6147,-4602,-1911,-39,189,-8,-4,-35440
372,-14726,-4582,5260,-103,-7975,0,38,-39526
373,-6122,-4582,-1940,7961,703,-2,34,-32356
374,-14219,-4202,-2451,7961,-5981,-256,-34,-31347
375,-6418,-4202,5773,7961,-5981,-256,44,-41319
376,-14218,-10882,-1915,7961,-5981,-256,-18,-38106
377,-14730,-4314,-3891,-39,-9051,0,-28,-38106
378,-14691,-4706,-3891,8105,696,0,-28,-38106
379,-14762,-4706,-3891,8105,696,0,-28,-38106
380,-14762,12186,-3891,8105,696,1535,-28,-38106
381,-6029,11418,5382,-43,696,-16,-3,-33125
382,3070,11418,-2475,-43,696,0,-26,-45693
383,3160,11418,-1909,-43,696,-4,46,-38501
384,6262,11146,4861,-39,703,0,-2,-43684
385,6247,-4210,4861,-39,-7489,0,-28,-33956
386,6247,-4730,4861,-141,-5963,-14,-34,-41730
387,9366,-4730,5322,-99,636,-2,-2,-45768
388,10358,7548,-756,473,636,0,62,-38500
389,9208,7548,-756,473,636,0,-2,-38500
390,9208,7548,-756,473,636,-266,-36,-38500
391,9896,7548,5261,473,636,-2,37,-38500
392,9896,7548,5261,473,-197,0,-3,-45798
393,9896,7548,5261,473,-5473,-260,-36,-39591
394,27766,12138,5773,473,671,0,34,-39591
395,34934,7898,-1492,3137,671,-6,56,-39591
396,30333,7898,-2935,3137,-8525,-6,-2,-44583
397,30776,7898,-1913,3137,-8009,0,-9,-43166
398,30821,7898,5773,-3267,-8009,0,38,-43166
399,27318,-4314,-2867,-237,-8009,-6,-28,-46787
400,29226,-10342,-1402,867,-8009,-4,-26,-46787
401,34426,-4394,-3502,867,-7876,0,-3,-46692
402,29270,-4204,-2475,867,-292,0,-5,-39540
403,33910,-4204,5770,-39,9400,0,62,-39540
404,34022,-4204,5770,-39,191,0,-3,-39540
405,29746,-4204,5770,-39,-6474,0,-26,-39540
406,34864,-4204,5319,-39,703,-6,-4,-45724
407,33366,8346,-1395,-39,190,-14,46,-39572
408,34414,8346,5265,-47,631,-2,37,-39572
409,34414,-4710,5265,375,631,-2,-6,-39572
410,34414,-4710,5265,1957,631,-2,-29,-39572
411,34934,-4710,5741,-327,223,0,46,-45958
412,34902,8602,-1402,-327,191,0,46,-39660
413,34485,8602,5725,-327,695,0,-6,-39660
414,30332,8602,-2499,-327,-8066,0,-26,-39660
415,40622,11994,5758,-815,199,258,54,-33783
416,40622,11994,5761,-39,183,0,38,-31731
417,40622,11994,5761,-39,183,-252,-38,-31731
418,40622,-4366,5761,-39,183,-268,-20,-31731
419,40622,-8172,5761,-39,183,0,46,-31731
420,40622,-4598,5761,-3927,183,-258,-26,-31731
421,39466,-4598,5245,-3927,-1825,-4,38,-31362
422,33906,8090,-383,-3927,-1825,0,46,-31557
423,33906,8090,5766,-3927,583,0,-2,-31557
424,33906,-7486,-1433,-3927,-8553,-12,-34,-40045
425,30895,-4274,-2870,-41,-7545,-16,-2,-34422
426,34934,-4274,5257,-41,-1345,0,34,-31383
427,30718,-10370,-1395,-41,-7065,0,-34,-32561
428,30718,-10370,-1395,-41,-7065,0,60,-32561
429,30718,-10370,-1395,-41,-7065,-258,-547,-32561
430,31792,-4198,4692,-41,-8013,258,-26,-32561
431,39127,-4198,-1845,-41,695,-2,46,-39783
432,34870,-4582,5771,-355,-7562,-2,-2,-35372
433,30805,-4246,-2523,-355,-8041,-6,-27,-35372
434,30805,-4246,-1909,-355,-8041,258,43,-31364
435,30831,-4198,-3403,-291,241,-2,-6,-31844
436,30831,9114,-1458,8039,-372,0,46,-40548
437,34414,11930,5673,-265,-7940,0,-3,-39792
438,34414,11930,5673,-295,-7940,0,-3,-39792
439,34414,11930,5673,2792,-7940,-265,-3,-39792
440,39662,12170,5773,2792,191,0,-5,-31366
441,31382,12170,-1433,2792,-8540,0,-14,-41524
442,34870,12130,5769,-55,-8540,-8,61,-40011
443,31274,12130,-2421,-71,-8540,-12,-30,-40011
444,34538,10146,-819,3739,-8540,-2,34,-31333
445,40054,11418,5647,3739,635,-2,55,-31332
446,31410,11418,-1845,3739,-8569,-12,-26,-31332
447,40054,11570,5765,3739,604,0,-2,-31380
448,34301,9114,-1411,3739,601,-2,38,-43668
449,34926,11784,-1923,-87,-7941,-2,-18,-39636
450,31358,11784,-2476,-283,-9601,0,-3,-49830
451,31747,11784,-1437,1957,-6953,-6,-28,-42203
452,39158,11784,5709,-135,679,0,-2,-42203
453,39538,11784,-1459,8153,301,0,38,-44132
454,31826,11790,-2355,-3359,-7881,260,-2,-40486
455,40022,11790,5734,-3359,319,-6,44,-31332
456,39154,11790,-371,-3359,319,260,-2,-33572
457,31859,11790,-2419,-3359,-7553,-4,-2,-48794
458,39463,11790,-395,-3359,701,272,58,-44181
459,32502,11790,-1974,-423,703,258,-6,-40292
460,41040,11918,5767,-269,701,0,-2,-31332
461,41040,8090,5767,-269,701,0,-2,-31332
462,41040,8090,5767,-269,701,-251,-2,-31332
463,39152,8090,-1881,-269,94,272,-3,-44197
464,31410,8090,-2486,-6227,-7561,-12,-30,-40036
465,34927,12030,5325,-87,636,-12,-30,-40036
466,42614,12030,-761,-70,636,-12,-30,-40036
467,41045,12030,5388,-39,315,-2,55,-40036
468,41046,8078,-435,-39,315,260,37,-31344
469,40054,8078,5770,-39,-898,-2,-3,-31724
470,31774,-6646,-1427,-39,-898,260,-32,-40751
471,31340,-6646,-1427,-1255,-898,-12,-26,-40751
472,31340,-6646,-1427,-1255,-898,0,-6,-40751
473,31340,-6646,-1427,-1255,-898,-260,-24,-41399
474,39574,-4230,5749,-71,-833,0,-6,-47460
475,40595,10082,-371,-71,191,-2,46,-39524
476,39094,11892,-1939,-231,9804,-2,-3,-33380
477,41050,12182,5673,-39,9804,-4,-2,-31856
478,31838,12182,-1474,853,9804,0,-3,-31419
479,31830,-4216,-2507,-2295,9804,0,-30,-31419
480,30964,-4216,-396,-2295,9804,-6,-9,-39524
481,39542,-4216,-1786,-3671,10556,-2,34,-39524
482,39158,-4216,5739,-3671,10556,260,46,-39524
483,40694,-4216,-489,-3671,10556,260,42,-39524
484,40694,-5218,-2423,-3671,10556,260,-34,-45692
485,41042,-5218,-407,-3671,10556,-4,58,-40108
486,41042,-5218,-1931,-4135,9962,-6,-2,-36454
487,41042,-4414,-2427,-4135,9962,0,-2,-36454
488,41042,-4414,-2427,-4135,9962,0,-20,-32100
489,41042,-5202,-2427,-101,9962,0,-32,-32100
490,41074,-5202,-383,-101,159,0,38,-39600
491,42166,-5202,5773,-1581,159,258,-2,-39600
492,30837,-5202,-2429,-1581,159,260,-30,-39600
493,39046,-5202,-2429,-1581,159,-8,44,-39600
494,39046,-4406,-2429,-1581,159,-8,-2,-39600
495,39046,-4406,-2429,-1581,159,-262,-34,-40678
496,34934,-4406,5770,-1581,-833,258,-2,-44210
497,34934,-4406,-756,-1581,-257,0,43,-39532
498,34934,12166,-1508,-647,-257,-2,-30,-39532
499,39127,12166,5745,-647,-257,0,-2,-39532
500,33942,12166,703,-647,-257,0,37,-39532
501,40052,12186,5677,-39,-323,0,38,-43732
502,34419,11226,-386,-39,95,0,62,-39532
503,34931,12186,-1395,-1599,95,258,34,-33280
504,30834,12186,-2485,-1599,95,-4,-34,-31332
505,42558,12186,1165,-1599,95,270,58,-31362
506,34389,12186,-2481,-1599,-8985,272,-32,-45682
507,34550,12186,-915,-1599,136,264,62,-40554
508,41046,12186,-2358,-4403,136,-4,38,-40554
509,41046,-4258,-2427,-1215,-9639,-4,-34,-47724
510,41046,-5802,-1883,8069,-4357,0,-30,-40093
511,30230,-5802,-2447,8069,-8575,0,-3,-45860
512,31829,-5802,-1459,8069,-8001,-12,-26,-39524
513,34933,12186,-1396,-87,-8001,0,37,-39524
514,40022,12186,5365,-87,687,-12,-6,-47591
515,31852,12186,-1395,-87,-5897,-4,-26,-39965
516,34934,12184,5387,-1063,703,258,45,-39965
517,34878,12184,-443,-1063,703,260,-2,-39965
518,34454,12184,5385,-39,-705,-2,-2,-44116
519,34544,10132,-1396,-39,-705,0,46,-39532
520,34544,11658,-1396,-2535,-705,0,46,-39532
521,34544,-4610,-1396,-2535,-705,0,46,-39532
522,33406,-4610,-819,-2535,-705,0,-2,-39532
523,30821,-4610,5710,-2535,195,0,-9,-43621
524,30725,-6258,-371,-2535,189,0,-9,-39526
525,28790,11624,-1399,-99,189,0,-27,-39526
526,27254,11624,5757,-55,695,-8,60,-39526
527,10286,11624,679,8149,695,-12,-26,-31346
528,9334,12072,5758,8149,576,-2,43,-41543
529,10295,10138,-377,8149,188,-4,-19,-39524
530,8926,11418,-1459,-41,188,0,43,-39524
531,8822,11930,5381,-41,313,0,-2,-39524
532,10350,6010,-403,-41,313,0,-2,-31558
533,10342,6010,5769,-935,156,0,-2,-41316
534,10334,-6252,-1851,8135,-8457,-20,-2,-39572
535,10334,-5158,-1463,-2597,-3399,-240,-26,-39572
536,8291,-5158,-1463,-47,-3399,-240,-2,-39572
537,8291,-5158,-1463,4159,-3399,-240,-546,-39572
538,6718,11726,5225,4159,697,-12,32,-43620
539,6774,10138,-774,4159,697,-2,-2,-39717
540,6774,10138,-774,4159,697,-2,-2,-39717
541,-10201,10138,-774,4159,697,-2,-2,-47062
542,-10213,10138,-774,4159,697,-2,-544,-39811
543,-10213,-5238,-2507,4159,-8551,-12,-26,-41060
544,-10213,-5238,-1483,4159,-8483,-244,-26,-39716
545,-10213,-5238,5365,4159,701,0,37,-40578
546,-10213,-6402,-2027,4159,701,-8,-27,-39909
547,-10213,-6402,-2027,4159,701,-8,56,-39909
548,-10670,-6402,-2027,4159,701,-8,-26,-46828
549,-10604,-6402,-1401,4159,10427,0,-5,-39286
550,-10604,-6402,-1401,4159,289,0,34,-41094
551,-10680,-6402,-1401,4159,289,0,34,-41094
552,-11215,-6402,-1401,4159,289,0,34,-41094
553,-11215,-6306,-1963,4159,-8521,0,-26,-39538
554,-11184,-4504,-2387,-275,-5959,260,-32,-39538
555,-11147,-4434,-2387,-2379,-8005,0,-5,-39538
556,-11147,-10774,-2387,8121,-6045,-274,-26,-39538
557,-11147,-6022,5260,8121,-8538,-2,-2,-39636
558,-11147,10090,-1410,8121,701,-2,62,-34948
559,-11147,11704,-1434,-87,701,-2,38,-31332
560,-11147,11704,-2419,-87,701,0,-20,-44132
561,-11147,11704,-2419,-87,701,0,-20,-37736
562,-11147,11704,-2419,-87,701,-251,-20,-44731
563,-11147,11704,5709,-87,-337,270,38,-39525
564,-11147,11704,-1963,-1063,9915,-12,-26,-39525
565,-11147,11704,-1963,-1063,9915,-12,-2,-43844
566,-11147,11704,-1963,-1063,9915,-12,-555,-38788
567,-11147,11704,5261,-183,9915,258,58,-45788
568,-11146,11704,-1398,-183,9916,0,-30,-37734
569,-11146,11704,-3054,-183,9916,0,-8,-39596
570,-11146,10126,-1857,-183,291,-6,46,-34924
571,-11146,-5910,-1938,-263,-6474,-10,-26,-39612
572,-11146,-4826,-2513,-2279,118,-4,-30,-44394
573,-11618,-10370,-1858,-2279,-6472,0,-27,-38575
574,4254,-6278,-2876,-2279,-7497,272,-26,-40300
575,8820,-6278,-1939,-2279,-833,0,-4,-35300
576,8335,-6278,-1907,-295,-833,-6,38,-31429
577,8798,-4968,5322,-295,-833,-4,-34,-31429
578,8798,-10390,-1847,-295,-833,-12,-26,-31429
579,8798,-6438,-3499,-295,-7961,-4,-2,-39588
580,8807,10130,-2309,-295,-861,258,46,-35371
581,8438,10638,-2291,-551,671,0,-2,-31364
582,8438,11418,5161,-551,-1373,0,46,-31364
583,8438,8090,-395,-551,-1373,0,56,-37600
584,8438,-6246,-2421,-551,-9545,0,-33,-39638
585,4694,-6258,-2446,-551,-7545,0,-4,-39540
586,8366,10636,5740,-427,697,-8,38,-39540
587,8808,10636,5293,-427,-257,0,-4,-43740
588,8820,10636,-1395,-427,-7489,258,-26,-38517
589,8366,10636,-1395,-1605,-7545,258,-4,-40292
590,8366,10636,-1395,8009,-9484,258,-44,-43202
591,8366,10636,5381,-57,-9484,-8,-2,-43202
592,8366,-4714,-2419,-57,-10618,-16,-30,-43202
593,-11626,-10808,-1395,-57,-7482,-16,-35,-43202
594,-11626,-6490,-2980,-57,-9601,-16,-43,-44428
595,-11626,-6490,-395,-57,-9601,-16,-2,-37760
596,-11690,-6558,-2869,-57,-9601,-16,-2,-39984
597,-11690,-6320,-2899,-57,-9538,-10,-27,-39702
598,-11690,10266,5772,-3647,-9538,0,32,-39325
599,-11690,10266,5772,-3647,-9538,0,-2,-45680
600,-11690,10266,5772,-3647,-9538,-260,-545,-39276
601,-11690,11802,5230,-4653,-9538,0,-6,-40050
602,-11238,11802,-1964,4889,-9537,-10,-34,-43422
603,-11238,10346,5388,-2201,-9537,-6,-2,-43422
604,-11238,-5162,5388,-2201,-10653,0,-2,-43422
605,-11238,-5162,5388,-2201,-7552,-268,-33,-43422
606,-11238,11898,4775,-2201,-7874,-4,44,-40424
607,-11238,10138,4775,-2201,-7874,-4,62,-39525
608,-11238,10138,4775,-3743,-7874,-4,-33,-39628
609,-11238,11578,5213,-3743,-2385,260,-2,-39628
610,-11238,8024,5213,-3743,-2385,260,38,-39628
611,-11238,8024,5213,-3743,-2385,260,-34,-44476
612,-11238,8024,-1893,-3743,247,0,-2,-44476
613,-11238,8024,5258,-1303,247,0,-26,-40532
614,-11254,8024,-2434,-1303,247,-4,-36,-40532
615,-11254,8024,-2419,-2483,-7951,0,-26,-40532
616,-11254,12182,5773,-2483,-1348,258,-2,-40532
617,-11254,8090,-437,-2483,671,-14,46,-31344
618,9331,12178,5253,-2483,255,-8,44,-39784
619,9331,10114,5253,-2483,627,-2,62,-39784
620,9331,10114,5253,-2515,-7569,-16,-6,-39784
621,9331,10114,5253,-2515,-10561,260,-6,-39784
622,9331,10114,-1459,-2515,-10561,0,34,-31364
623,9331,10114,-2447,-2515,-8514,-4,-8,-41174
624,9910,10114,-1799,-2515,-337,-2,34,-40565
625,9910,10114,-1909,-331,-337,-2,-2,-40565
626,9910,10114,-2901,-331,-337,260,-27,-40565
627,10298,10114,1165,-331,-337,-4,-2,-40565
628,9966,10114,5249,-1221,-321,-2,62,-43621
629,9334,-4966,-1971,-1221,-948,0,-30,-43820
630,4790,-4966,-1977,-3115,-948,-6,-27,-43820
631,9974,-4966,5259,-3115,-1377,-2,58,-43820
632,10356,-4966,-467,-3115,-1377,0,34,-43820
633,9304,-4728,-2991,-3115,-2384,0,-30,-43820
634,9453,7606,-373,-3115,-2384,-14,53,-43820
635,10357,7606,5373,-3115,-265,-8,-66,-43684
636,9719,7606,-2295,-3115,-786,-6,55,-41127
637,9394,6042,-1963,-2099,-786,0,-6,-31563
638,9795,6042,5708,-2099,319,-2,62,-31334
639,9844,6042,-883,-2099,319,-64,-35,-31333
640,5292,-6306,-883,-2295,-8522,-6,-73,-40604
641,-10602,-7210,-883,-2295,-8522,-8,-8,-40604
642,-10602,-10394,-883,-2295,-8522,-16,-35,-40604
643,-10602,-4806,-3002,-2295,-8095,-28,37,-40604
644,-10602,-4806,-390,-2295,-8095,-16,414,-31364
645,-10602,-6252,-390,-1075,-8605,-16,-99,-40634
646,-10602,-6252,-390,7689,-8605,-16,414,-41553
647,-10602,-6252,-390,7689,-8605,-16,414,-41553
648,-10602,-4966,-390,7689,-8605,-16,414,-41553
649,-10602,-4966,5741,-423,-8605,-6,-4,-41553
650,-10602,-4966,-2868,-423,-8077,-12,-6,-41553
651,-10169,-4966,-1877,-423,-6985,-42,-3,-31404
652,-10169,-4966,5323,-423,-841,0,37,-40548
653,-10169,-4966,5323,-423,-833,0,-2,-41064
654,-10609,-4966,5323,-423,-6985,0,-28,-41064
655,-10609,-5002,5323,-9799,-6985,0,-27,-41064
656,-10609,-5002,-1963,-551,-6985,0,46,-41064
657,-10609,-5002,5713,-551,191,-12,-3,-41064
658,-10609,-5002,-371,-551,-7528,0,46,-31636
659,-10130,-6758,-2427,-551,-9055,0,-6,-40662
660,-9642,-7210,-1971,-551,-9473,0,-26,-41486
661,6269,-7210,-1911,-55,-9473,-32,-4,-31334
662,6278,-7210,-1911,-55,-9473,258,38,-31366
663,-9699,-10722,-1911,-55,-9473,-264,-540,-40991
664,-10185,-10722,-1911,-55,-9093,-16,-4,-40991
665,-9736,-10722,-1911,-55,-9565,-4,-24,-40991
666,-9736,-10722,-1428,-93,-5933,264,-42,-39908
667,-9736,-10722,5749,-93,-1353,0,37,-32132
668,-9736,-10722,5749,-93,-1353,260,-26,-32132
669,-10129,-10722,5749,-93,-8041,-268,-49,-32132
670,-10129,-10722,5749,-93,199,0,408,-32132
671,-9642,-10722,5749,-93,-5472,-268,-548,-32132
672,-9610,-10722,5749,-93,-5472,0,-10,-32132
673,6766,-10722,-1267,-93,-5472,-2,434,-31596
674,6314,-4200,-1267,-93,-5472,-2,46,-43620
675,-9610,-4200,-1267,-93,-5472,-2,402,-46160
676,-9637,-4200,-3052,-93,-8968,-36,-26,-45912
677,7230,-4758,-2900,-93,-8968,-2,438,-46452
678,6750,-4758,-1395,-93,-8968,-16,-28,-31591
679,6773,-4758,5231,-93,179,-8,58,-32228
680,-9170,-10568,5231,-93,-6472,-4,-6,-41486
681,-9674,-6784,5231,-93,-9019,-20,-2,-45640
682,7277,-6342,-2451,-93,-9029,-8,433,-46631
683,6894,-6342,-1850,3817,-9029,-6,-8,-46631
684,6894,-6342,-2899,3817,-9029,-10,-26,-47900
685,7286,-6342,-853,3817,-9029,-4,438,-47900
686,7248,-4198,5242,3817,-8003,0,-5,-48168
687,7286,-4198,-1899,3817,-8003,0,396,-48168
688,7251,-4198,5709,3817,-217,-2,-4,-44663
689,6838,-4198,-1978,3817,-9037,-2,-2,-46698
690,6838,-4198,-1427,3817,-6481,-2,-28,-41648
691,7207,-4198,5773,3817,-1351,-6,62,-31332
692,8310,-4198,5773,3817,-1351,-16,62,-33476
693,-9213,-4198,5773,3817,-9003,0,-18,-45854
694,-9194,-6262,-2419,3817,-7553,0,-10,-47828
695,-9194,-8518,-1843,-311,-7553,-4,55,-47828
696,-9099,-4212,-2491,-311,-10041,-14,-26,-49826
697,7914,-4212,-403,-311,588,0,62,-39524
698,7283,-4354,5740,-311,-8616,-2,-29,-47796
699,7283,-4354,-1855,-311,-9025,0,-3,-48676
700,7214,12042,5237,-311,-897,0,45,-31332
701,7214,12186,-1938,-311,703,0,62,-31724
702,7856,7798,-1395,4057,703,-12,43,-39525
703,7856,-4822,-2519,4057,703,0,-28,-39525
704,8298,-4822,-483,4057,8955,-12,-26,-39525
705,7253,-4822,5767,4057,-808,0,-2,-39525
706,8239,-4822,-1921,4057,-808,-2,61,-31336
707,8278,-4822,-1921,4057,-808,-8,56,-31336
708,8278,-4810,-1921,4057,-808,-260,-2,-31336
709,8310,8076,-757,4057,221,0,48,-41072
710,7861,11412,5388,4057,-8537,-6,43,-31592
711,8308,11882,-1875,4057,673,-4,-20,-31332
712,8246,8074,-1395,-43,9917,-8,32,-39772
713,8195,11960,5766,-43,179,-14,-9,-31844
714,8274,11960,-395,-43,703,0,46,-31844
715,7862,11960,5263,-43,-707,-10,32,-31844
716,7259,11960,5263,-43,-707,-2,-26,-31844
717,7259,11960,5263,-822,-707,-272,-540,-31844
718,6832,11960,5247,-822,-2753,0,59,-31786
719,7262,10648,-1459,-822,-7945,0,445,-31786
720,7925,11674,5389,-1317,219,-6,39,-31786
721,9391,11994,-1926,-1317,703,0,446,-34440
722,8306,8054,-851,-39,9919,0,58,-41444
723,8246,8054,-851,-47,176,-6,44,-41444
724,8246,8054,-851,8121,-7548,0,-14,-41444
725,8280,8054,5772,-57,316,0,-5,-31781
726,9798,8054,5773,8121,307,-8,47,-31332
727,9390,8054,-1403,-169,307,-14,-70,-31332
728,9790,8054,4765,-307,-1349,0,-35,-31332
729,9842,-5226,-1843,-307,679,-4,61,-46848
730,9384,-4808,-2545,-167,-7545,0,-29,-50276
731,9384,-6366,-2428,6011,-7545,0,-9,-47933
732,9846,-6366,-1428,-567,-7545,0,-26,-46210
733,9750,-6366,5321,-567,-1345,0,38,-46210
734,9910,-5318,-1851,-567,-7489,-2,-30,-47516
735,9726,-4248,-1851,-567,-7489,-2,38,-47516
736,9726,-4248,-1851,-567,-7489,-272,-541,-47516
737,9748,10074,5671,-567,-447,-4,-2,-34461
738,9968,12058,-1939,-567,303,0,-2,-31349
739,9839,8042,-1402,-159,303,0,-2,-31349
740,9798,-4710,-1402,-159,303,-4,-2,-38072
741,9798,-4710,-1402,-159,303,-271,-2,-38072
742,9840,-4710,5773,-2231,-833,-8,-3,-38072
743,9840,-6314,-1940,1851,-833,-4,-35,-38072
744,10301,-10486,-1875,-39,-833,-12,-14,-47260
745,9877,-4230,-2425,-39,-10565,-12,-6,-53941
746,9877,-5250,-1491,-39,-7610,-4,-26,-53941
747,9840,-5250,5676,-39,-321,-6,56,-53941
748,10294,-6122,-1931,-39,-7513,260,-3,-48933
749,10322,-6122,5373,-39,-8521,0,37,-48933
750,10358,-6122,-2291,-39,311,272,61,-48933
751,10238,-10450,-1878,-1077,311,-8,-2,-48933
752,10238,-4392,-2458,-2371,-8506,0,-2,-48933
753,9854,11160,-372,-2371,703,0,43,-32468
754,9968,10138,5374,-551,-433,-2,-6,-32468
755,9968,10138,-2355,1017,-433,0,-26,-32468
756,10326,10138,-1939,-231,8923,0,46,-32468
757,9895,10138,-2419,-231,-265,-12,-3,-32468
758,10341,11730,-2419,-231,-265,-12,62,-32468
759,10341,11730,-2419,-231,-265,-12,-19,-32468
760,10352,11730,-2419,-231,-265,0,-9,-32468
761,-8106,11730,-2419,-231,-265,0,-547,-32468
762,-8557,11730,-2419,-231,-265,0,-33,-32468
763,-8642,11730,-2419,3643,-265,0,-548,-32468
764,10342,12184,5773,-867,-1841,-8,-2,-47780
765,9900,-5260,5773,-867,-7937,0,-4,-47780
766,9900,-6478,5773,-867,-8513,-14,-41,-47780
767,10310,-6478,5773,-867,319,-14,-4,-47780
768,-8185,-6478,5773,-867,319,-14,-26,-47780
769,-8977,-4990,5773,-867,319,-14,-546,-57167
770,7830,-4674,-379,-867,-7568,0,-3,-50739
771,10302,-6354,5709,-525,-864,0,-18,-50739
772,9898,-5766,-1967,6229,-864,0,-29,-55010
773,10350,-5766,-1395,-51,-864,0,-26,-48933
774,10358,-5766,-1395,-51,-864,-6,43,-48933
775,10358,-9574,-1395,-51,-864,-258,-538,-48933
776,10358,-4232,-2955,-51,-864,-4,-6,-48770
777,10308,-4232,-2955,-51,-864,-14,430,-48770
778,10308,-4232,-2955,-51,-864,-268,-132,-48770
779,10357,-4232,5255,-51,163,0,446,-48770
780,10356,-4232,-1396,-43,163,260,62,-48770
781,9906,-4202,-2427,-43,-10569,-4,-2,-47772
782,10356,-4332,-1395,-43,-7937,260,439,-47772
783,10358,-4332,5745,-43,-321,-6,-50,-47772
784,-8146,-5346,5745,-43,-321,-6,442,-47772
785,-8504,-7260,5745,-43,-321,-6,-105,-47772
786,10342,-7260,5324,7385,159,0,434,-47772
787,10358,8090,-399,1877,159,0,-19,-47772
788,10350,8090,5685,1877,-1410,-14,-14,-47772
789,8438,8090,-883,1877,193,-14,446,-47772
790,10357,10136,5325,1877,223,264,-37,-47772
791,8326,11062,-1963,6357,223,0,44,-47746
792,10357,8066,-439,-39,223,-6,43,-47746
793,10334,8066,5317,-73,-8457,0,-21,-47828
794,8820,8066,-386,-73,703,0,-3,-49957
795,-6152,-6300,-386,-863,703,0,-3,-49957
796,-8012,-5721,-386,884,703,-269,-3,-49957
797,8326,-5721,-395,-607,703,0,44,-49957
798,10358,-5721,5230,-2029,-1346,-8,32,-47716
799,8430,-5721,-403,2009,-7945,-4,62,-47716
800,10358,-5721,5647,2009,317,0,31,-47716
801,8360,-4486,5757,2009,317,-6,-2,-55710
802,8360,-4486,-1395,-555,9403,0,-3,-47717
803,10341,-4486,5773,-1095,-1361,-12,-2,-47717
804,8374,-4486,-447,3929,687,0,62,-47717
805,8374,-4486,-447,3929,687,0,62,-47717
806,8374,-5543,-447,3929,687,0,62,-47717
807,9854,-5543,-447,-499,687,0,-2,-47717
808,10299,-5543,-447,1817,687,0,-3,-47717
809,-6041,-10482,-1403,-285,-7515,284,-4,-47909
810,-6026,-4252,-2419,-285,-10652,-4,-2,-55980
811,-6098,-5110,-1403,-285,-7581,0,414,-50285
812,-6098,-6454,-2427,-1881,-8570,0,-38,-48234
813,-6098,-6454,-2427,-1881,-289,0,-9,-48234
814,-6098,-6454,-2427,-1881,-7480,-264,-24,-48234
815,10358,-6454,-2427,-99,-10561,0,46,-48234
816,9878,-6454,-372,-99,161,-4,-5,-48234
817,10340,-6454,5385,-99,647,260,38,-48234
818,10340,-6454,-2005,-99,-9625,260,-4,-48234
819,9462,-6454,5773,-73,-193,260,58,-48234
820,10348,-6454,-1931,985,-193,-2,-6,-48234
821,10358,-6454,-758,-263,-193,0,-4,-48234
822,10346,-4220,-2443,-263,-193,-254,-28,-47842
823,10341,11384,-755,-263,191,-6,46,-31852
824,10322,10138,5269,-333,635,-2,44,-31852
825,10258,10138,-2363,-939,635,260,-33,-31852
826,9974,10138,-1267,-71,9535,0,37,-31852
827,10261,10138,5773,-101,-193,0,48,-31852
828,-7562,-4796,-1431,-89,-7521,-8,413,-31852
829,-8176,-6326,-2485,-99,-8603,-8,-67,-31852
830,8774,-6326,5765,-73,579,264,62,-38507
831,8341,8030,1645,-75,579,0,-2,-47324
832,10358,12186,4877,-71,-1393,0,-6,-47847
833,8805,12186,4877,-73,-1393,0,390,-47847
834,-8165,12186,4877,-1109,-1393,-276,-128,-47847
835,-8018,12186,-2423,-83,-1393,262,435,-47847
836,-8018,8040,-495,-83,-1393,0,-2,-47847
837,-8146,8040,-2997,-83,-10591,-260,-36,-47847
838,-8146,8040,-2997,-39,-10591,-260,-36,-47847
839,-8197,8040,-2997,-1255,-10591,-260,-36,-51919
840,8374,12170,5772,-103,177,0,62,-38628
841,8342,7994,-763,-53,177,260,61,-38628
842,-8147,-4698,-2451,-2181,-10147,-4,-32,-38628
843,-7570,-4298,-1434,-39,-8001,-2,-30,-38628
844,10294,10106,5713,-619,687,-2,-2,-31344
845,8438,10106,5713,-39,687,-2,-2,-37488
846,8438,10106,5713,-874,687,-2,-2,-48302
847,10354,11690,5257,-874,-1349,0,-2,-47911
848,8822,12170,-371,-874,191,0,62,-33956
849,10320,10138,5756,-1839,191,-6,62,-35366
850,8818,-4298,5725,-57,694,0,-2,-37987
851,8366,-8348,-1463,-941,694,0,-29,-48022
852,8366,-4584,-2427,-1109,-7567,-2,-6,-47734
853,8766,11730,-881,-39,639,-6,46,-32324
854,10298,10138,-881,-39,639,-6,-2,-32324
855,10298,10138,-881,-39,639,-6,-536,-32324
856,8437,10138,-1419,-615,639,0,46,-32324
857,10342,10138,5772,-1315,318,-4,-2,-32324
858,10342,10138,-1427,977,-7937,-2,-26,-50548
859,10326,-6374,-2421,-39,-7497,-4,-3,-51370
860,-8018,-5178,-2421,-79,-7497,-2,-32,-51370
861,-8051,-5178,-2421,-893,-7497,-274,-550,-51370
862,-8051,-5178,5761,-1111,694,0,37,-51370
863,-8051,-5178,5761,585,694,0,58,-51370
864,-8098,-6518,5761,-2291,694,0,-35,-51370
865,-8010,-6518,-1430,925,694,-12,-26,-51370
866,-8010,-6518,5383,-1687,694,-2,-8,-51370
867,-6050,-4230,-2443,-67,694,-6,-26,-51370
868,10322,-4230,-1399,-649,694,0,44,-51370
869,10262,-4200,-2423,-1099,-7560,-12,-9,-53860
870,8438,-4200,-1452,-39,-7610,260,-18,-49764
871,8438,-4200,5761,-1193,199,0,46,-49764
872,8438,-4200,-2486,-137,199,260,-3,-54246
873,8438,-4200,-2486,-807,199,260,55,-54246
874,8438,-4814,-2486,-1699,-9613,260,-26,-54246
875,8339,-4646,-1907,981,124,0,-2,-54246
876,9974,-4646,5652,-1959,319,-6,37,-54246
877,9974,-4242,-2387,-131,319,-8,-26,-49658
878,8786,-4242,-2387,-131,319,-8,31,-44132
879,-8151,-4756,-2387,-131,319,-268,-18,-44132
880,-7594,-8394,-2387,-131,-7969,-4,-35,-44132
881,-8085,-6678,-2387,-131,-7875,-8,-24,-44132
882,-8085,-6678,5739,-39,251,-8,-2,-44132
883,-8138,-6678,-1876,-631,-5985,-4,-3,-45738
884,-8138,-6678,-1876,-631,-5985,0,34,-45738
885,-8098,-8490,-1876,-631,-5985,-268,-542,-45738
886,-8584,-4625,-1876,-631,-5985,-266,-537,-45738
887,10358,-4625,-1409,-631,579,0,-9,-45738
888,9861,-4625,-1409,-1891,700,-2,-2,-45738
889,9861,-5196,-1409,-43,700,-12,-27,-47722
890,10294,-5196,-1409,-43,700,-12,-27,-47722
891,10294,-5196,-1409,-43,700,-12,-27,-47722
892,10349,-4250,-1852,77,-7520,-6,-2,-31388
893,9966,-4250,5677,-39,679,258,44,-31428
894,10324,-4970,-2419,-535,-7489,-12,-9,-31428
895,-8152,-10378,-1404,-567,-5959,-14,-30,-39658
896,-8078,-4698,-2940,-567,-8001,-6,-32,-48298
897,-7587,-4698,-1419,-567,-8047,-14,-34,-47715
898,10352,11694,5260,-1159,697,-6,44,-47715
899,8808,11930,-422,471,667,0,-2,-46700
900,-6026,11930,-422,-1851,667,-4,-30,-47478
901,-8082,11930,-422,-563,667,-266,-38,-52003
902,8338,11930,-1443,-551,667,0,-2,-40107
903,10355,11988,5773,-1191,665,-2,-3,-35176
904,8422,12180,-1411,-45,155,0,38,-35176
905,8422,12180,-1411,-2047,-7562,-8,-26,-35176
906,9962,12180,-1411,-41,672,-2,42,-35176
907,9962,12180,-1843,-567,-6537,-254,-27,-35176
908,10358,12058,5246,-567,703,-6,-2,-35176
909,8362,12058,5246,-567,703,-6,-34,-45672
910,8362,12058,5246,-1981,703,-6,-34,-45698
911,10354,11266,5717,-45,703,0,-32,-34420
912,10328,8090,-371,-233,703,-2,-4,-39644
913,9908,12182,5324,-233,-7505,-4,-4,-33381
914,10355,12182,5324,-233,-7505,-4,37,-44228
915,10355,12182,5324,-1667,-7505,-4,-35,-45704
916,10355,12182,5773,-41,-7497,-6,-5,-49958
917,10323,12182,-755,-269,-7497,0,-6,-35189
918,10352,-4200,-2419,-269,-7521,0,-2,-33380
919,10286,-4214,-1413,-269,223,0,-6,-43636
920,10328,-4214,-2363,-1639,312,0,46,-43623
921,10328,-4214,-2490,-71,312,0,-26,-43623
922,9958,-4214,-2490,-555,312,0,32,-43623
923,-8173,-4709,-2490,-1685,312,0,-37,-43623
924,-8571,-4709,-2490,-773,312,0,-542,-43623
925,-8571,-4709,5257,-1063,605,-16,44,-43623
926,-8130,-8300,-1844,355,605,-16,-28,-46062
927,10354,-7786,-2427,-1859,9375,-4,-2,-46062
928,9874,-7786,5389,-75,687,-2,-3,-46062
929,9874,-7786,-1395,-555,-6017,0,-30,-33436
930,10259,11934,5745,-555,-7875,0,62,-31360
931,10342,12090,-419,-555,189,-8,44,-43636
932,10358,8538,5773,-1989,9799,0,-2,-41372
933,9973,8538,5652,-39,687,0,56,-41372
934,9973,8538,-1454,-243,-6466,-272,-34,-42562
935,10357,12054,5773,-1111,633,0,-3,-42562
936,10298,8218,-822,409,654,0,46,-41558
937,9874,8218,-2483,-2083,8959,0,-2,-40740
938,10358,8218,5717,-115,316,0,-2,-31575
939,10358,8218,-1469,-79,-6464,-8,-27,-31575
940,10358,8218,5773,-79,319,0,60,-31360
941,10302,-8236,-1881,-79,183,0,-5,-41060
942,9898,-7890,-2486,-39,678,0,-2,-41060
943,10238,-7890,5740,-109,655,0,-2,-41060
944,10358,-8298,-387,-73,655,260,-26,-41060
945,9906,-8298,-2470,-1291,-7565,-6,38,-48805
946,10329,-8298,-931,217,187,-14,32,-40552
947,9909,-7818,-2422,-1675,-7545,0,46,-39530
948,10292,-7818,5773,-279,697,0,60,-32503
949,10351,-6232,-1428,-263,697,-12,-32,-33466
950,9902,-6232,5245,-1063,701,-2,-2,-32380
951,10355,-6232,-1396,-169,-7489,0,-5,-40573
952,9946,-6232,5766,-1579,243,0,46,-40573
953,9959,-6232,5373,-183,651,264,60,-40573
954,10334,-6242,-1407,-553,651,-2,-2,-40573
955,10334,-6242,-3027,-1171,651,-6,-2,-48804
956,8314,-6242,-1907,-55,207,-2,-4,-40843
957,9962,-6242,-2422,-1589,-7969,-2,-26,-40294
958,10358,-6242,5765,-267,-1373,-14,-3,-33131
959,10286,10202,-420,-231,-1373,-8,34,-31371
960,10326,12170,5757,-1095,697,0,46,-31404
961,10350,8910,-876,-1095,647,-8,46,-39524
962,10350,8910,-2519,-1095,-7497,-26,-2,-39575
963,10354,8910,-2519,-265,-7497,-26,46,-39575
964,10354,8910,-2519,-750,-7497,-26,-543,-39575
965,10358,-4214,5701,-1129,-1441,0,43,-31744
966,10358,-7382,-1855,-57,-8545,-4,-27,-31744
967,-6050,-7834,-2420,-1593,-7490,0,-41,-31744
968,-6138,-7834,5691,-551,-2401,0,32,-32359
969,10354,10388,-403,-167,-2401,0,-2,-32359
970,9973,10388,-403,-1125,319,-8,-3,-32359
971,8335,10388,-403,-77,648,-2,-8,-39717
972,8335,8526,-403,-1575,700,-2,38,-39914
973,-8138,-4212,-403,-1575,700,-2,-36,-39914
974,-8148,-4212,-403,-1575,700,-266,-537,-39914
975,9974,-4212,5740,-1127,703,0,-30,-31365
976,8325,-6630,-1398,-179,-7499,-6,-21,-39716
977,8325,-7510,-1924,-1255,-7493,-12,-2,-39716
978,8325,-4302,-2923,-603,-7493,-24,-29,-39716
979,10341,10650,-1404,-95,-7493,-8,-2,-33124
980,10358,10650,5754,-1063,155,0,-2,-31430
981,10357,10650,-755,-51,173,-4,-2,-39528
982,10309,10650,-755,-1063,173,0,-2,-39528
983,-8074,10650,-755,-39,173,0,-2,-39528
984,-8074,6042,-755,-39,173,0,-2,-39528
985,-6134,6042,-2444,-289,173,-12,-9,-39528
986,8432,8084,-1403,-39,703,0,32,-39528
987,10258,-4822,-2457,-1083,-8477,-6,-33,-48174
988,8723,-4822,-1915,-167,-8525,-4,38,-39652
989,10355,-4822,5773,-1165,-210,-2,62,-39541
990,10355,-4198,-2443,-599,-10587,-8,-3,-39541
991,8754,-4198,-1395,-173,-7904,-6,-4,-32372
992,8374,-4198,5204,-1127,-1345,-2,-4,-31332
993,8822,-4198,-2364,-173,-1217,0,-2,-39810
994,8437,-4198,-2364,-1197,315,-4,38,-39810
995,8437,-4198,-2364,-623,315,-8,-2,-39810
996,8806,-4198,-2364,-623,315,-8,-2,-39810
997,8806,-5138,-2364,-623,315,-8,-2,-39810
998,8923,-5138,-1907,-167,-1245,0,-2,-39636
999,8810,-5138,5198,-1335,-320,-2,31,-39561
2020-05-03 14:31:46.413784
2020-05-03 14:31:53.009945
